"filename", "language", "PHP", "JSON", "YAML", "XML", "Markdown", "MS SQL", "PostCSS", "JavaScript", "comment", "blank", "total"
"/home/whuang/wpfgp.org/public_html/playoffs/composer.json", "JSON", 0, 7, 0, 0, 0, 0, 0, 0, 0, 1, 8
"/home/whuang/wpfgp.org/public_html/playoffs/composer.lock", "JSON", 0, 824, 0, 0, 0, 0, 0, 0, 0, 1, 825
"/home/whuang/wpfgp.org/public_html/playoffs/create_tables.sql", "MS SQL", 0, 0, 0, 0, 0, 71, 0, 0, 11, 9, 91
"/home/whuang/wpfgp.org/public_html/playoffs/helpers.php", "PHP", 17, 0, 0, 0, 0, 0, 0, 0, 2, 2, 21
"/home/whuang/wpfgp.org/public_html/playoffs/public/css/admin.css", "PostCSS", 0, 0, 0, 0, 0, 0, 86, 0, 7, 13, 106
"/home/whuang/wpfgp.org/public_html/playoffs/public/css/display.css", "PostCSS", 0, 0, 0, 0, 0, 0, 120, 0, 13, 17, 150
"/home/whuang/wpfgp.org/public_html/playoffs/public/css/judge.css", "PostCSS", 0, 0, 0, 0, 0, 0, 64, 0, 10, 10, 84
"/home/whuang/wpfgp.org/public_html/playoffs/public/css/puzzle-manager.css", "PostCSS", 0, 0, 0, 0, 0, 0, 69, 0, 2, 11, 82
"/home/whuang/wpfgp.org/public_html/playoffs/public/index.php", "PHP", 695, 0, 0, 0, 0, 0, 0, 0, 63, 154, 912
"/home/whuang/wpfgp.org/public_html/playoffs/public/js/all-tournaments.js", "JavaScript", 0, 0, 0, 0, 0, 0, 0, 42, 2, 7, 51
"/home/whuang/wpfgp.org/public_html/playoffs/public/js/display.js", "JavaScript", 0, 0, 0, 0, 0, 0, 0, 332, 82, 65, 479
"/home/whuang/wpfgp.org/public_html/playoffs/public/js/judge.js", "JavaScript", 0, 0, 0, 0, 0, 0, 0, 182, 14, 25, 221
"/home/whuang/wpfgp.org/public_html/playoffs/public/js/manage-competitors.js", "JavaScript", 0, 0, 0, 0, 0, 0, 0, 111, 6, 15, 132
"/home/whuang/wpfgp.org/public_html/playoffs/public/js/manage-tournament.js", "JavaScript", 0, 0, 0, 0, 0, 0, 0, 308, 12, 38, 358
"/home/whuang/wpfgp.org/public_html/playoffs/public/js/puzzle-manager.js", "JavaScript", 0, 0, 0, 0, 0, 0, 0, 165, 11, 23, 199
"/home/whuang/wpfgp.org/public_html/playoffs/settings.php", "PHP", 9, 0, 0, 0, 0, 0, 0, 0, 0, 1, 10
"/home/whuang/wpfgp.org/public_html/playoffs/src/pages/all-tournaments.php", "PHP", 61, 0, 0, 0, 0, 0, 0, 0, 0, 5, 66
"/home/whuang/wpfgp.org/public_html/playoffs/src/pages/display.php", "PHP", 21, 0, 0, 0, 0, 0, 0, 0, 0, 7, 28
"/home/whuang/wpfgp.org/public_html/playoffs/src/pages/index.php", "PHP", 59, 0, 0, 0, 0, 0, 0, 0, 0, 6, 65
"/home/whuang/wpfgp.org/public_html/playoffs/src/pages/judge.php", "PHP", 20, 0, 0, 0, 0, 0, 0, 0, 0, 6, 26
"/home/whuang/wpfgp.org/public_html/playoffs/src/pages/manage-competitors.php", "PHP", 75, 0, 0, 0, 0, 0, 0, 0, 2, 6, 83
"/home/whuang/wpfgp.org/public_html/playoffs/src/pages/manage-tournament.php", "PHP", 93, 0, 0, 0, 0, 0, 0, 0, 2, 13, 108
"/home/whuang/wpfgp.org/public_html/playoffs/src/pages/puzzle-manager.php", "PHP", 39, 0, 0, 0, 0, 0, 0, 0, 1, 5, 45
"/home/whuang/wpfgp.org/public_html/playoffs/vendor/autoload.php", "PHP", 17, 0, 0, 0, 0, 0, 0, 0, 1, 5, 23
"/home/whuang/wpfgp.org/public_html/playoffs/vendor/composer/ClassLoader.php", "PHP", 286, 0, 0, 0, 0, 0, 0, 0, 235, 59, 580
"/home/whuang/wpfgp.org/public_html/playoffs/vendor/composer/InstalledVersions.php", "PHP", 196, 0, 0, 0, 0, 0, 0, 0, 147, 54, 397
"/home/whuang/wpfgp.org/public_html/playoffs/vendor/composer/autoload_classmap.php", "PHP", 11, 0, 0, 0, 0, 0, 0, 0, 1, 4, 16
"/home/whuang/wpfgp.org/public_html/playoffs/vendor/composer/autoload_files.php", "PHP", 8, 0, 0, 0, 0, 0, 0, 0, 1, 4, 13
"/home/whuang/wpfgp.org/public_html/playoffs/vendor/composer/autoload_namespaces.php", "PHP", 5, 0, 0, 0, 0, 0, 0, 0, 1, 4, 10
"/home/whuang/wpfgp.org/public_html/playoffs/vendor/composer/autoload_psr4.php", "PHP", 15, 0, 0, 0, 0, 0, 0, 0, 1, 4, 20
"/home/whuang/wpfgp.org/public_html/playoffs/vendor/composer/autoload_real.php", "PHP", 35, 0, 0, 0, 0, 0, 0, 0, 4, 12, 51
"/home/whuang/wpfgp.org/public_html/playoffs/vendor/composer/autoload_static.php", "PHP", 91, 0, 0, 0, 0, 0, 0, 0, 1, 9, 101
"/home/whuang/wpfgp.org/public_html/playoffs/vendor/composer/installed.json", "JSON", 0, 850, 0, 0, 0, 0, 0, 0, 0, 1, 851
"/home/whuang/wpfgp.org/public_html/playoffs/vendor/composer/installed.php", "PHP", 152, 0, 0, 0, 0, 0, 0, 0, 0, 1, 153
"/home/whuang/wpfgp.org/public_html/playoffs/vendor/composer/platform_check.php", "PHP", 20, 0, 0, 0, 0, 0, 0, 0, 1, 5, 26
"/home/whuang/wpfgp.org/public_html/playoffs/vendor/fig/http-message-util/CHANGELOG.md", "Markdown", 0, 0, 0, 0, 77, 0, 0, 0, 0, 71, 148
"/home/whuang/wpfgp.org/public_html/playoffs/vendor/fig/http-message-util/README.md", "Markdown", 0, 0, 0, 0, 12, 0, 0, 0, 0, 6, 18
"/home/whuang/wpfgp.org/public_html/playoffs/vendor/fig/http-message-util/composer.json", "JSON", 0, 28, 0, 0, 0, 0, 0, 0, 0, 1, 29
"/home/whuang/wpfgp.org/public_html/playoffs/vendor/fig/http-message-util/src/RequestMethodInterface.php", "PHP", 15, 0, 0, 0, 0, 0, 0, 0, 17, 3, 35
"/home/whuang/wpfgp.org/public_html/playoffs/vendor/fig/http-message-util/src/StatusCodeInterface.php", "PHP", 68, 0, 0, 0, 0, 0, 0, 0, 37, 3, 108
"/home/whuang/wpfgp.org/public_html/playoffs/vendor/nikic/fast-route/.travis.yml", "YAML", 0, 0, 16, 0, 0, 0, 0, 0, 0, 5, 21
"/home/whuang/wpfgp.org/public_html/playoffs/vendor/nikic/fast-route/README.md", "Markdown", 0, 0, 0, 0, 232, 0, 0, 0, 0, 82, 314
"/home/whuang/wpfgp.org/public_html/playoffs/vendor/nikic/fast-route/composer.json", "JSON", 0, 24, 0, 0, 0, 0, 0, 0, 0, 1, 25
"/home/whuang/wpfgp.org/public_html/playoffs/vendor/nikic/fast-route/phpunit.xml", "XML", 0, 0, 0, 22, 0, 0, 0, 0, 0, 3, 25
"/home/whuang/wpfgp.org/public_html/playoffs/vendor/nikic/fast-route/psalm.xml", "XML", 0, 0, 0, 23, 0, 0, 0, 0, 1, 5, 29
"/home/whuang/wpfgp.org/public_html/playoffs/vendor/nikic/fast-route/src/BadRouteException.php", "PHP", 5, 0, 0, 0, 0, 0, 0, 0, 0, 3, 8
"/home/whuang/wpfgp.org/public_html/playoffs/vendor/nikic/fast-route/src/DataGenerator.php", "PHP", 7, 0, 0, 0, 0, 0, 0, 0, 16, 4, 27
"/home/whuang/wpfgp.org/public_html/playoffs/vendor/nikic/fast-route/src/DataGenerator/CharCountBased.php", "PHP", 25, 0, 0, 0, 0, 0, 0, 0, 0, 7, 32
"/home/whuang/wpfgp.org/public_html/playoffs/vendor/nikic/fast-route/src/DataGenerator/GroupCountBased.php", "PHP", 24, 0, 0, 0, 0, 0, 0, 0, 0, 7, 31
"/home/whuang/wpfgp.org/public_html/playoffs/vendor/nikic/fast-route/src/DataGenerator/GroupPosBased.php", "PHP", 22, 0, 0, 0, 0, 0, 0, 0, 0, 6, 28
"/home/whuang/wpfgp.org/public_html/playoffs/vendor/nikic/fast-route/src/DataGenerator/MarkBased.php", "PHP", 22, 0, 0, 0, 0, 0, 0, 0, 0, 6, 28
"/home/whuang/wpfgp.org/public_html/playoffs/vendor/nikic/fast-route/src/DataGenerator/RegexBasedAbstract.php", "PHP", 127, 0, 0, 0, 0, 0, 0, 0, 32, 28, 187
"/home/whuang/wpfgp.org/public_html/playoffs/vendor/nikic/fast-route/src/Dispatcher.php", "PHP", 9, 0, 0, 0, 0, 0, 0, 0, 14, 4, 27
"/home/whuang/wpfgp.org/public_html/playoffs/vendor/nikic/fast-route/src/Dispatcher/CharCountBased.php", "PHP", 25, 0, 0, 0, 0, 0, 0, 0, 0, 7, 32
"/home/whuang/wpfgp.org/public_html/playoffs/vendor/nikic/fast-route/src/Dispatcher/GroupCountBased.php", "PHP", 25, 0, 0, 0, 0, 0, 0, 0, 0, 7, 32
"/home/whuang/wpfgp.org/public_html/playoffs/vendor/nikic/fast-route/src/Dispatcher/GroupPosBased.php", "PHP", 25, 0, 0, 0, 0, 0, 0, 0, 1, 8, 34
"/home/whuang/wpfgp.org/public_html/playoffs/vendor/nikic/fast-route/src/Dispatcher/MarkBased.php", "PHP", 25, 0, 0, 0, 0, 0, 0, 0, 0, 7, 32
"/home/whuang/wpfgp.org/public_html/playoffs/vendor/nikic/fast-route/src/Dispatcher/RegexBasedAbstract.php", "PHP", 64, 0, 0, 0, 0, 0, 0, 0, 9, 16, 89
"/home/whuang/wpfgp.org/public_html/playoffs/vendor/nikic/fast-route/src/Route.php", "PHP", 21, 0, 0, 0, 0, 0, 0, 0, 19, 8, 48
"/home/whuang/wpfgp.org/public_html/playoffs/vendor/nikic/fast-route/src/RouteCollector.php", "PHP", 59, 0, 0, 0, 0, 0, 0, 0, 79, 15, 153
"/home/whuang/wpfgp.org/public_html/playoffs/vendor/nikic/fast-route/src/RouteParser.php", "PHP", 6, 0, 0, 0, 0, 0, 0, 0, 29, 3, 38
"/home/whuang/wpfgp.org/public_html/playoffs/vendor/nikic/fast-route/src/RouteParser/Std.php", "PHP", 63, 0, 0, 0, 0, 0, 0, 0, 13, 12, 88
"/home/whuang/wpfgp.org/public_html/playoffs/vendor/nikic/fast-route/src/bootstrap.php", "PHP", 9, 0, 0, 0, 0, 0, 0, 0, 0, 4, 13
"/home/whuang/wpfgp.org/public_html/playoffs/vendor/nikic/fast-route/src/functions.php", "PHP", 50, 0, 0, 0, 0, 0, 0, 0, 14, 11, 75
"/home/whuang/wpfgp.org/public_html/playoffs/vendor/nikic/fast-route/test/Dispatcher/CharCountBasedTest.php", "PHP", 13, 0, 0, 0, 0, 0, 0, 0, 0, 4, 17
"/home/whuang/wpfgp.org/public_html/playoffs/vendor/nikic/fast-route/test/Dispatcher/DispatcherTest.php", "PHP", 335, 0, 0, 0, 0, 0, 0, 0, 89, 158, 582
"/home/whuang/wpfgp.org/public_html/playoffs/vendor/nikic/fast-route/test/Dispatcher/GroupCountBasedTest.php", "PHP", 13, 0, 0, 0, 0, 0, 0, 0, 0, 4, 17
"/home/whuang/wpfgp.org/public_html/playoffs/vendor/nikic/fast-route/test/Dispatcher/GroupPosBasedTest.php", "PHP", 13, 0, 0, 0, 0, 0, 0, 0, 0, 4, 17
"/home/whuang/wpfgp.org/public_html/playoffs/vendor/nikic/fast-route/test/Dispatcher/MarkBasedTest.php", "PHP", 20, 0, 0, 0, 0, 0, 0, 0, 0, 5, 25
"/home/whuang/wpfgp.org/public_html/playoffs/vendor/nikic/fast-route/test/HackTypechecker/HackTypecheckerTest.php", "PHP", 33, 0, 0, 0, 0, 0, 0, 0, 4, 8, 45
"/home/whuang/wpfgp.org/public_html/playoffs/vendor/nikic/fast-route/test/HackTypechecker/fixtures/all_options.php", "PHP", 26, 0, 0, 0, 0, 0, 0, 0, 0, 4, 30
"/home/whuang/wpfgp.org/public_html/playoffs/vendor/nikic/fast-route/test/HackTypechecker/fixtures/empty_options.php", "PHP", 8, 0, 0, 0, 0, 0, 0, 0, 0, 4, 12
"/home/whuang/wpfgp.org/public_html/playoffs/vendor/nikic/fast-route/test/HackTypechecker/fixtures/no_options.php", "PHP", 8, 0, 0, 0, 0, 0, 0, 0, 0, 4, 12
"/home/whuang/wpfgp.org/public_html/playoffs/vendor/nikic/fast-route/test/RouteCollectorTest.php", "PHP", 92, 0, 0, 0, 0, 0, 0, 0, 0, 17, 109
"/home/whuang/wpfgp.org/public_html/playoffs/vendor/nikic/fast-route/test/RouteParser/StdTest.php", "PHP", 146, 0, 0, 0, 0, 0, 0, 0, 2, 7, 155
"/home/whuang/wpfgp.org/public_html/playoffs/vendor/nikic/fast-route/test/bootstrap.php", "PHP", 9, 0, 0, 0, 0, 0, 0, 0, 0, 3, 12
"/home/whuang/wpfgp.org/public_html/playoffs/vendor/psr/container/README.md", "Markdown", 0, 0, 0, 0, 8, 0, 0, 0, 0, 6, 14
"/home/whuang/wpfgp.org/public_html/playoffs/vendor/psr/container/composer.json", "JSON", 0, 27, 0, 0, 0, 0, 0, 0, 0, 1, 28
"/home/whuang/wpfgp.org/public_html/playoffs/vendor/psr/container/src/ContainerExceptionInterface.php", "PHP", 6, 0, 0, 0, 0, 0, 0, 0, 3, 4, 13
"/home/whuang/wpfgp.org/public_html/playoffs/vendor/psr/container/src/ContainerInterface.php", "PHP", 8, 0, 0, 0, 0, 0, 0, 0, 24, 5, 37
"/home/whuang/wpfgp.org/public_html/playoffs/vendor/psr/container/src/NotFoundExceptionInterface.php", "PHP", 5, 0, 0, 0, 0, 0, 0, 0, 3, 3, 11
"/home/whuang/wpfgp.org/public_html/playoffs/vendor/psr/http-factory/README.md", "Markdown", 0, 0, 0, 0, 8, 0, 0, 0, 0, 5, 13
"/home/whuang/wpfgp.org/public_html/playoffs/vendor/psr/http-factory/composer.json", "JSON", 0, 38, 0, 0, 0, 0, 0, 0, 0, 1, 39
"/home/whuang/wpfgp.org/public_html/playoffs/vendor/psr/http-factory/src/RequestFactoryInterface.php", "PHP", 6, 0, 0, 0, 0, 0, 0, 0, 10, 3, 19
"/home/whuang/wpfgp.org/public_html/playoffs/vendor/psr/http-factory/src/ResponseFactoryInterface.php", "PHP", 6, 0, 0, 0, 0, 0, 0, 0, 10, 3, 19
"/home/whuang/wpfgp.org/public_html/playoffs/vendor/psr/http-factory/src/ServerRequestFactoryInterface.php", "PHP", 6, 0, 0, 0, 0, 0, 0, 0, 16, 3, 25
"/home/whuang/wpfgp.org/public_html/playoffs/vendor/psr/http-factory/src/StreamFactoryInterface.php", "PHP", 8, 0, 0, 0, 0, 0, 0, 0, 33, 5, 46
"/home/whuang/wpfgp.org/public_html/playoffs/vendor/psr/http-factory/src/UploadedFileFactoryInterface.php", "PHP", 12, 0, 0, 0, 0, 0, 0, 0, 20, 3, 35
"/home/whuang/wpfgp.org/public_html/playoffs/vendor/psr/http-factory/src/UriFactoryInterface.php", "PHP", 6, 0, 0, 0, 0, 0, 0, 0, 9, 3, 18
"/home/whuang/wpfgp.org/public_html/playoffs/vendor/psr/http-message/CHANGELOG.md", "Markdown", 0, 0, 0, 0, 24, 0, 0, 0, 0, 13, 37
"/home/whuang/wpfgp.org/public_html/playoffs/vendor/psr/http-message/README.md", "Markdown", 0, 0, 0, 0, 11, 0, 0, 0, 0, 5, 16
"/home/whuang/wpfgp.org/public_html/playoffs/vendor/psr/http-message/composer.json", "JSON", 0, 26, 0, 0, 0, 0, 0, 0, 0, 1, 27
"/home/whuang/wpfgp.org/public_html/playoffs/vendor/psr/http-message/docs/PSR7-Interfaces.md", "Markdown", 0, 0, 0, 0, 106, 0, 0, 0, 0, 25, 131
"/home/whuang/wpfgp.org/public_html/playoffs/vendor/psr/http-message/docs/PSR7-Usage.md", "Markdown", 0, 0, 0, 0, 118, 0, 0, 0, 0, 42, 160
"/home/whuang/wpfgp.org/public_html/playoffs/vendor/psr/http-message/src/MessageInterface.php", "PHP", 16, 0, 0, 0, 0, 0, 0, 0, 159, 13, 188
"/home/whuang/wpfgp.org/public_html/playoffs/vendor/psr/http-message/src/RequestInterface.php", "PHP", 11, 0, 0, 0, 0, 0, 0, 0, 111, 9, 131
"/home/whuang/wpfgp.org/public_html/playoffs/vendor/psr/http-message/src/ResponseInterface.php", "PHP", 8, 0, 0, 0, 0, 0, 0, 0, 56, 5, 69
"/home/whuang/wpfgp.org/public_html/playoffs/vendor/psr/http-message/src/ServerRequestInterface.php", "PHP", 18, 0, 0, 0, 0, 0, 0, 0, 229, 15, 262
"/home/whuang/wpfgp.org/public_html/playoffs/vendor/psr/http-message/src/StreamInterface.php", "PHP", 20, 0, 0, 0, 0, 0, 0, 0, 122, 17, 159
"/home/whuang/wpfgp.org/public_html/playoffs/vendor/psr/http-message/src/UploadedFileInterface.php", "PHP", 11, 0, 0, 0, 0, 0, 0, 0, 105, 8, 124
"/home/whuang/wpfgp.org/public_html/playoffs/vendor/psr/http-message/src/UriInterface.php", "PHP", 21, 0, 0, 0, 0, 0, 0, 0, 286, 18, 325
"/home/whuang/wpfgp.org/public_html/playoffs/vendor/psr/http-server-handler/README.md", "Markdown", 0, 0, 0, 0, 8, 0, 0, 0, 0, 5, 13
"/home/whuang/wpfgp.org/public_html/playoffs/vendor/psr/http-server-handler/composer.json", "JSON", 0, 36, 0, 0, 0, 0, 0, 0, 0, 1, 37
"/home/whuang/wpfgp.org/public_html/playoffs/vendor/psr/http-server-handler/src/RequestHandlerInterface.php", "PHP", 8, 0, 0, 0, 0, 0, 0, 0, 11, 4, 23
"/home/whuang/wpfgp.org/public_html/playoffs/vendor/psr/http-server-middleware/README.md", "Markdown", 0, 0, 0, 0, 8, 0, 0, 0, 0, 5, 13
"/home/whuang/wpfgp.org/public_html/playoffs/vendor/psr/http-server-middleware/composer.json", "JSON", 0, 36, 0, 0, 0, 0, 0, 0, 0, 1, 37
"/home/whuang/wpfgp.org/public_html/playoffs/vendor/psr/http-server-middleware/src/MiddlewareInterface.php", "PHP", 8, 0, 0, 0, 0, 0, 0, 0, 14, 4, 26
"/home/whuang/wpfgp.org/public_html/playoffs/vendor/psr/log/README.md", "Markdown", 0, 0, 0, 0, 43, 0, 0, 0, 0, 16, 59
"/home/whuang/wpfgp.org/public_html/playoffs/vendor/psr/log/composer.json", "JSON", 0, 26, 0, 0, 0, 0, 0, 0, 0, 1, 27
"/home/whuang/wpfgp.org/public_html/playoffs/vendor/psr/log/src/AbstractLogger.php", "PHP", 6, 0, 0, 0, 0, 0, 0, 0, 7, 3, 16
"/home/whuang/wpfgp.org/public_html/playoffs/vendor/psr/log/src/InvalidArgumentException.php", "PHP", 5, 0, 0, 0, 0, 0, 0, 0, 0, 3, 8
"/home/whuang/wpfgp.org/public_html/playoffs/vendor/psr/log/src/LogLevel.php", "PHP", 13, 0, 0, 0, 0, 0, 0, 0, 3, 3, 19
"/home/whuang/wpfgp.org/public_html/playoffs/vendor/psr/log/src/LoggerAwareInterface.php", "PHP", 6, 0, 0, 0, 0, 0, 0, 0, 6, 3, 15
"/home/whuang/wpfgp.org/public_html/playoffs/vendor/psr/log/src/LoggerAwareTrait.php", "PHP", 10, 0, 0, 0, 0, 0, 0, 0, 9, 4, 23
"/home/whuang/wpfgp.org/public_html/playoffs/vendor/psr/log/src/LoggerInterface.php", "PHP", 14, 0, 0, 0, 0, 0, 0, 0, 74, 11, 99
"/home/whuang/wpfgp.org/public_html/playoffs/vendor/psr/log/src/LoggerTrait.php", "PHP", 38, 0, 0, 0, 0, 0, 0, 0, 50, 11, 99
"/home/whuang/wpfgp.org/public_html/playoffs/vendor/psr/log/src/NullLogger.php", "PHP", 8, 0, 0, 0, 0, 0, 0, 0, 16, 3, 27
"/home/whuang/wpfgp.org/public_html/playoffs/vendor/ralouphie/getallheaders/README.md", "Markdown", 0, 0, 0, 0, 18, 0, 0, 0, 0, 10, 28
"/home/whuang/wpfgp.org/public_html/playoffs/vendor/ralouphie/getallheaders/composer.json", "JSON", 0, 26, 0, 0, 0, 0, 0, 0, 0, 1, 27
"/home/whuang/wpfgp.org/public_html/playoffs/vendor/ralouphie/getallheaders/src/getallheaders.php", "PHP", 34, 0, 0, 0, 0, 0, 0, 0, 5, 8, 47
"/home/whuang/wpfgp.org/public_html/playoffs/vendor/selective/basepath/.cs.php", "PHP", 79, 0, 0, 0, 0, 0, 0, 0, 1, 3, 83
"/home/whuang/wpfgp.org/public_html/playoffs/vendor/selective/basepath/.github/workflows/build.yml", "YAML", 0, 0, 38, 0, 0, 0, 0, 0, 0, 14, 52
"/home/whuang/wpfgp.org/public_html/playoffs/vendor/selective/basepath/README.md", "Markdown", 0, 0, 0, 0, 125, 0, 0, 0, 0, 59, 184
"/home/whuang/wpfgp.org/public_html/playoffs/vendor/selective/basepath/composer.json", "JSON", 0, 62, 0, 0, 0, 0, 0, 0, 0, 1, 63
"/home/whuang/wpfgp.org/public_html/playoffs/vendor/selective/basepath/phpcs.xml", "XML", 0, 0, 0, 24, 0, 0, 0, 0, 0, 5, 29
"/home/whuang/wpfgp.org/public_html/playoffs/vendor/selective/basepath/src/BasePathDetector.php", "PHP", 48, 0, 0, 0, 0, 0, 0, 0, 35, 17, 100
"/home/whuang/wpfgp.org/public_html/playoffs/vendor/selective/basepath/src/BasePathMiddleware.php", "PHP", 24, 0, 0, 0, 0, 0, 0, 0, 23, 9, 56
"/home/whuang/wpfgp.org/public_html/playoffs/vendor/slim/psr7/LICENSE.md", "Markdown", 0, 0, 0, 0, 17, 0, 0, 0, 0, 6, 23
"/home/whuang/wpfgp.org/public_html/playoffs/vendor/slim/psr7/composer.json", "JSON", 0, 76, 0, 0, 0, 0, 0, 0, 0, 1, 77
"/home/whuang/wpfgp.org/public_html/playoffs/vendor/slim/psr7/src/Cookies.php", "PHP", 123, 0, 0, 0, 0, 0, 0, 0, 61, 35, 219
"/home/whuang/wpfgp.org/public_html/playoffs/vendor/slim/psr7/src/Environment.php", "PHP", 39, 0, 0, 0, 0, 0, 0, 0, 10, 7, 56
"/home/whuang/wpfgp.org/public_html/playoffs/vendor/slim/psr7/src/Factory/RequestFactory.php", "PHP", 35, 0, 0, 0, 0, 0, 0, 0, 12, 13, 60
"/home/whuang/wpfgp.org/public_html/playoffs/vendor/slim/psr7/src/Factory/ResponseFactory.php", "PHP", 20, 0, 0, 0, 0, 0, 0, 0, 8, 8, 36
"/home/whuang/wpfgp.org/public_html/playoffs/vendor/slim/psr7/src/Factory/ServerRequestFactory.php", "PHP", 69, 0, 0, 0, 0, 0, 0, 0, 21, 22, 112
"/home/whuang/wpfgp.org/public_html/playoffs/vendor/slim/psr7/src/Factory/StreamFactory.php", "PHP", 64, 0, 0, 0, 0, 0, 0, 0, 16, 16, 96
"/home/whuang/wpfgp.org/public_html/playoffs/vendor/slim/psr7/src/Factory/UploadedFileFactory.php", "PHP", 29, 0, 0, 0, 0, 0, 0, 0, 8, 11, 48
"/home/whuang/wpfgp.org/public_html/playoffs/vendor/slim/psr7/src/Factory/UriFactory.php", "PHP", 70, 0, 0, 0, 0, 0, 0, 0, 24, 20, 114
"/home/whuang/wpfgp.org/public_html/playoffs/vendor/slim/psr7/src/Header.php", "PHP", 42, 0, 0, 0, 0, 0, 0, 0, 5, 17, 64
"/home/whuang/wpfgp.org/public_html/playoffs/vendor/slim/psr7/src/Headers.php", "PHP", 179, 0, 0, 0, 0, 0, 0, 0, 94, 46, 319
"/home/whuang/wpfgp.org/public_html/playoffs/vendor/slim/psr7/src/Interfaces/HeadersInterface.php", "PHP", 14, 0, 0, 0, 0, 0, 0, 0, 65, 12, 91
"/home/whuang/wpfgp.org/public_html/playoffs/vendor/slim/psr7/src/Message.php", "PHP", 97, 0, 0, 0, 0, 0, 0, 0, 58, 31, 186
"/home/whuang/wpfgp.org/public_html/playoffs/vendor/slim/psr7/src/NonBufferedBody.php", "PHP", 79, 0, 0, 0, 0, 0, 0, 0, 50, 25, 154
"/home/whuang/wpfgp.org/public_html/playoffs/vendor/slim/psr7/src/Request.php", "PHP", 208, 0, 0, 0, 0, 0, 0, 0, 113, 62, 383
"/home/whuang/wpfgp.org/public_html/playoffs/vendor/slim/psr7/src/Response.php", "PHP", 142, 0, 0, 0, 0, 0, 0, 0, 47, 28, 217
"/home/whuang/wpfgp.org/public_html/playoffs/vendor/slim/psr7/src/Stream.php", "PHP", 240, 0, 0, 0, 0, 0, 0, 0, 86, 71, 397
"/home/whuang/wpfgp.org/public_html/playoffs/vendor/slim/psr7/src/UploadedFile.php", "PHP", 163, 0, 0, 0, 0, 0, 0, 0, 80, 37, 280
"/home/whuang/wpfgp.org/public_html/playoffs/vendor/slim/psr7/src/Uri.php", "PHP", 274, 0, 0, 0, 0, 0, 0, 0, 158, 74, 506
"/home/whuang/wpfgp.org/public_html/playoffs/vendor/slim/psr7/tests/Assets/HeaderStack.php", "PHP", 36, 0, 0, 0, 0, 0, 0, 0, 48, 12, 96
"/home/whuang/wpfgp.org/public_html/playoffs/vendor/slim/psr7/tests/BodyTest.php", "PHP", 312, 0, 0, 0, 0, 0, 0, 0, 16, 95, 423
"/home/whuang/wpfgp.org/public_html/playoffs/vendor/slim/psr7/tests/CookiesTest.php", "PHP", 239, 0, 0, 0, 0, 0, 0, 0, 5, 40, 284
"/home/whuang/wpfgp.org/public_html/playoffs/vendor/slim/psr7/tests/EnvironmentTest.php", "PHP", 33, 0, 0, 0, 0, 0, 0, 0, 5, 11, 49
"/home/whuang/wpfgp.org/public_html/playoffs/vendor/slim/psr7/tests/Factory/RequestFactoryTest.php", "PHP", 28, 0, 0, 0, 0, 0, 0, 0, 5, 10, 43
"/home/whuang/wpfgp.org/public_html/playoffs/vendor/slim/psr7/tests/Factory/ResponseFactoryTest.php", "PHP", 25, 0, 0, 0, 0, 0, 0, 0, 10, 8, 43
"/home/whuang/wpfgp.org/public_html/playoffs/vendor/slim/psr7/tests/Factory/ServerRequestFactoryTest.php", "PHP", 160, 0, 0, 0, 0, 0, 0, 0, 8, 41, 209
"/home/whuang/wpfgp.org/public_html/playoffs/vendor/slim/psr7/tests/Factory/StreamFactoryTest.php", "PHP", 44, 0, 0, 0, 0, 0, 0, 0, 5, 18, 67
"/home/whuang/wpfgp.org/public_html/playoffs/vendor/slim/psr7/tests/Factory/UploadedFileFactoryTest.php", "PHP", 68, 0, 0, 0, 0, 0, 0, 0, 22, 25, 115
"/home/whuang/wpfgp.org/public_html/playoffs/vendor/slim/psr7/tests/Factory/UriFactoryTest.php", "PHP", 186, 0, 0, 0, 0, 0, 0, 0, 13, 45, 244
"/home/whuang/wpfgp.org/public_html/playoffs/vendor/slim/psr7/tests/HeaderTest.php", "PHP", 39, 0, 0, 0, 0, 0, 0, 0, 10, 13, 62
"/home/whuang/wpfgp.org/public_html/playoffs/vendor/slim/psr7/tests/HeadersTest.php", "PHP", 211, 0, 0, 0, 0, 0, 0, 0, 15, 63, 289
"/home/whuang/wpfgp.org/public_html/playoffs/vendor/slim/psr7/tests/Integration/BaseTestFactories.php", "PHP", 30, 0, 0, 0, 0, 0, 0, 0, 17, 11, 58
"/home/whuang/wpfgp.org/public_html/playoffs/vendor/slim/psr7/tests/Integration/RequestTest.php", "PHP", 22, 0, 0, 0, 0, 0, 0, 0, 8, 7, 37
"/home/whuang/wpfgp.org/public_html/playoffs/vendor/slim/psr7/tests/Integration/ResponseTest.php", "PHP", 13, 0, 0, 0, 0, 0, 0, 0, 8, 7, 28
"/home/whuang/wpfgp.org/public_html/playoffs/vendor/slim/psr7/tests/Integration/ServerRequestTest.php", "PHP", 21, 0, 0, 0, 0, 0, 0, 0, 8, 7, 36
"/home/whuang/wpfgp.org/public_html/playoffs/vendor/slim/psr7/tests/Integration/StreamTest.php", "PHP", 28, 0, 0, 0, 0, 0, 0, 0, 10, 9, 47
"/home/whuang/wpfgp.org/public_html/playoffs/vendor/slim/psr7/tests/Integration/UploadedFileTest.php", "PHP", 33, 0, 0, 0, 0, 0, 0, 0, 8, 11, 52
"/home/whuang/wpfgp.org/public_html/playoffs/vendor/slim/psr7/tests/Integration/UriTest.php", "PHP", 14, 0, 0, 0, 0, 0, 0, 0, 10, 7, 31
"/home/whuang/wpfgp.org/public_html/playoffs/vendor/slim/psr7/tests/MessageTest.php", "PHP", 140, 0, 0, 0, 0, 0, 0, 0, 11, 36, 187
"/home/whuang/wpfgp.org/public_html/playoffs/vendor/slim/psr7/tests/Mocks/MessageStub.php", "PHP", 12, 0, 0, 0, 0, 0, 0, 0, 18, 8, 38
"/home/whuang/wpfgp.org/public_html/playoffs/vendor/slim/psr7/tests/NonBufferedBodyTest.php", "PHP", 117, 0, 0, 0, 0, 0, 0, 0, 13, 30, 160
"/home/whuang/wpfgp.org/public_html/playoffs/vendor/slim/psr7/tests/RequestTest.php", "PHP", 347, 0, 0, 0, 0, 0, 0, 0, 18, 94, 459
"/home/whuang/wpfgp.org/public_html/playoffs/vendor/slim/psr7/tests/ResponseTest.php", "PHP", 143, 0, 0, 0, 0, 0, 0, 0, 5, 44, 192
"/home/whuang/wpfgp.org/public_html/playoffs/vendor/slim/psr7/tests/StreamTest.php", "PHP", 195, 0, 0, 0, 0, 0, 0, 0, 17, 73, 285
"/home/whuang/wpfgp.org/public_html/playoffs/vendor/slim/psr7/tests/StringableTestObject.php", "PHP", 13, 0, 0, 0, 0, 0, 0, 0, 5, 6, 24
"/home/whuang/wpfgp.org/public_html/playoffs/vendor/slim/psr7/tests/UploadedFileTest.php", "PHP", 505, 0, 0, 0, 0, 0, 0, 0, 97, 75, 677
"/home/whuang/wpfgp.org/public_html/playoffs/vendor/slim/psr7/tests/UriTest.php", "PHP", 279, 0, 0, 0, 0, 0, 0, 0, 5, 100, 384
"/home/whuang/wpfgp.org/public_html/playoffs/vendor/slim/psr7/tests/bootstrap.php", "PHP", 82, 0, 0, 0, 0, 0, 0, 0, 5, 13, 100
"/home/whuang/wpfgp.org/public_html/playoffs/vendor/slim/slim/CHANGELOG.md", "Markdown", 0, 0, 0, 0, 277, 0, 0, 0, 0, 63, 340
"/home/whuang/wpfgp.org/public_html/playoffs/vendor/slim/slim/LICENSE.md", "Markdown", 0, 0, 0, 0, 16, 0, 0, 0, 0, 4, 20
"/home/whuang/wpfgp.org/public_html/playoffs/vendor/slim/slim/MAINTAINERS.md", "Markdown", 0, 0, 0, 0, 9, 0, 0, 0, 0, 9, 18
"/home/whuang/wpfgp.org/public_html/playoffs/vendor/slim/slim/SECURITY.md", "Markdown", 0, 0, 0, 0, 8, 0, 0, 0, 0, 7, 15
"/home/whuang/wpfgp.org/public_html/playoffs/vendor/slim/slim/Slim/App.php", "PHP", 121, 0, 0, 0, 0, 0, 0, 0, 81, 25, 227
"/home/whuang/wpfgp.org/public_html/playoffs/vendor/slim/slim/Slim/CallableResolver.php", "PHP", 131, 0, 0, 0, 0, 0, 0, 0, 50, 20, 201
"/home/whuang/wpfgp.org/public_html/playoffs/vendor/slim/slim/Slim/Error/AbstractErrorRenderer.php", "PHP", 25, 0, 0, 0, 0, 0, 0, 0, 11, 11, 47
"/home/whuang/wpfgp.org/public_html/playoffs/vendor/slim/slim/Slim/Error/Renderers/HtmlErrorRenderer.php", "PHP", 60, 0, 0, 0, 0, 0, 0, 0, 8, 16, 84
"/home/whuang/wpfgp.org/public_html/playoffs/vendor/slim/slim/Slim/Error/Renderers/JsonErrorRenderer.php", "PHP", 34, 0, 0, 0, 0, 0, 0, 0, 11, 11, 56
"/home/whuang/wpfgp.org/public_html/playoffs/vendor/slim/slim/Slim/Error/Renderers/PlainTextErrorRenderer.php", "PHP", 34, 0, 0, 0, 0, 0, 0, 0, 8, 18, 60
"/home/whuang/wpfgp.org/public_html/playoffs/vendor/slim/slim/Slim/Error/Renderers/XmlErrorRenderer.php", "PHP", 33, 0, 0, 0, 0, 0, 0, 0, 11, 11, 55
"/home/whuang/wpfgp.org/public_html/playoffs/vendor/slim/slim/Slim/Exception/HttpBadRequestException.php", "PHP", 11, 0, 0, 0, 0, 0, 0, 0, 12, 7, 30
"/home/whuang/wpfgp.org/public_html/playoffs/vendor/slim/slim/Slim/Exception/HttpException.php", "PHP", 43, 0, 0, 0, 0, 0, 0, 0, 9, 14, 66
"/home/whuang/wpfgp.org/public_html/playoffs/vendor/slim/slim/Slim/Exception/HttpForbiddenException.php", "PHP", 10, 0, 0, 0, 0, 0, 0, 0, 12, 7, 29
"/home/whuang/wpfgp.org/public_html/playoffs/vendor/slim/slim/Slim/Exception/HttpGoneException.php", "PHP", 10, 0, 0, 0, 0, 0, 0, 0, 12, 7, 29
"/home/whuang/wpfgp.org/public_html/playoffs/vendor/slim/slim/Slim/Exception/HttpInternalServerErrorException.php", "PHP", 10, 0, 0, 0, 0, 0, 0, 0, 12, 7, 29
"/home/whuang/wpfgp.org/public_html/playoffs/vendor/slim/slim/Slim/Exception/HttpMethodNotAllowedException.php", "PHP", 22, 0, 0, 0, 0, 0, 0, 0, 20, 11, 53
"/home/whuang/wpfgp.org/public_html/playoffs/vendor/slim/slim/Slim/Exception/HttpNotFoundException.php", "PHP", 10, 0, 0, 0, 0, 0, 0, 0, 11, 7, 28
"/home/whuang/wpfgp.org/public_html/playoffs/vendor/slim/slim/Slim/Exception/HttpNotImplementedException.php", "PHP", 10, 0, 0, 0, 0, 0, 0, 0, 12, 7, 29
"/home/whuang/wpfgp.org/public_html/playoffs/vendor/slim/slim/Slim/Exception/HttpSpecializedException.php", "PHP", 15, 0, 0, 0, 0, 0, 0, 0, 11, 7, 33
"/home/whuang/wpfgp.org/public_html/playoffs/vendor/slim/slim/Slim/Exception/HttpTooManyRequestsException.php", "PHP", 11, 0, 0, 0, 0, 0, 0, 0, 12, 7, 30
"/home/whuang/wpfgp.org/public_html/playoffs/vendor/slim/slim/Slim/Exception/HttpUnauthorizedException.php", "PHP", 10, 0, 0, 0, 0, 0, 0, 0, 12, 7, 29
"/home/whuang/wpfgp.org/public_html/playoffs/vendor/slim/slim/Slim/Factory/AppFactory.php", "PHP", 160, 0, 0, 0, 0, 0, 0, 0, 20, 38, 218
"/home/whuang/wpfgp.org/public_html/playoffs/vendor/slim/slim/Slim/Factory/Psr17/GuzzlePsr17Factory.php", "PHP", 10, 0, 0, 0, 0, 0, 0, 0, 5, 5, 20
"/home/whuang/wpfgp.org/public_html/playoffs/vendor/slim/slim/Slim/Factory/Psr17/HttpSoftPsr17Factory.php", "PHP", 10, 0, 0, 0, 0, 0, 0, 0, 5, 5, 20
"/home/whuang/wpfgp.org/public_html/playoffs/vendor/slim/slim/Slim/Factory/Psr17/LaminasDiactorosPsr17Factory.php", "PHP", 10, 0, 0, 0, 0, 0, 0, 0, 5, 5, 20
"/home/whuang/wpfgp.org/public_html/playoffs/vendor/slim/slim/Slim/Factory/Psr17/NyholmPsr17Factory.php", "PHP", 22, 0, 0, 0, 0, 0, 0, 0, 7, 8, 37
"/home/whuang/wpfgp.org/public_html/playoffs/vendor/slim/slim/Slim/Factory/Psr17/Psr17Factory.php", "PHP", 60, 0, 0, 0, 0, 0, 0, 0, 23, 19, 102
"/home/whuang/wpfgp.org/public_html/playoffs/vendor/slim/slim/Slim/Factory/Psr17/Psr17FactoryProvider.php", "PHP", 27, 0, 0, 0, 0, 0, 0, 0, 17, 10, 54
"/home/whuang/wpfgp.org/public_html/playoffs/vendor/slim/slim/Slim/Factory/Psr17/ServerRequestCreator.php", "PHP", 21, 0, 0, 0, 0, 0, 0, 0, 16, 10, 47
"/home/whuang/wpfgp.org/public_html/playoffs/vendor/slim/slim/Slim/Factory/Psr17/SlimHttpPsr17Factory.php", "PHP", 24, 0, 0, 0, 0, 0, 0, 0, 8, 8, 40
"/home/whuang/wpfgp.org/public_html/playoffs/vendor/slim/slim/Slim/Factory/Psr17/SlimHttpServerRequestCreator.php", "PHP", 35, 0, 0, 0, 0, 0, 0, 0, 8, 14, 57
"/home/whuang/wpfgp.org/public_html/playoffs/vendor/slim/slim/Slim/Factory/Psr17/SlimPsr17Factory.php", "PHP", 10, 0, 0, 0, 0, 0, 0, 0, 5, 5, 20
"/home/whuang/wpfgp.org/public_html/playoffs/vendor/slim/slim/Slim/Factory/ServerRequestCreatorFactory.php", "PHP", 61, 0, 0, 0, 0, 0, 0, 0, 10, 18, 89
"/home/whuang/wpfgp.org/public_html/playoffs/vendor/slim/slim/Slim/Handlers/ErrorHandler.php", "PHP", 185, 0, 0, 0, 0, 0, 0, 0, 80, 50, 315
"/home/whuang/wpfgp.org/public_html/playoffs/vendor/slim/slim/Slim/Handlers/Strategies/RequestHandler.php", "PHP", 27, 0, 0, 0, 0, 0, 0, 0, 14, 9, 50
"/home/whuang/wpfgp.org/public_html/playoffs/vendor/slim/slim/Slim/Handlers/Strategies/RequestResponse.php", "PHP", 20, 0, 0, 0, 0, 0, 0, 0, 15, 7, 42
"/home/whuang/wpfgp.org/public_html/playoffs/vendor/slim/slim/Slim/Handlers/Strategies/RequestResponseArgs.php", "PHP", 18, 0, 0, 0, 0, 0, 0, 0, 16, 7, 41
"/home/whuang/wpfgp.org/public_html/playoffs/vendor/slim/slim/Slim/Handlers/Strategies/RequestResponseNamedArgs.php", "PHP", 18, 0, 0, 0, 0, 0, 0, 0, 16, 6, 40
"/home/whuang/wpfgp.org/public_html/playoffs/vendor/slim/slim/Slim/Interfaces/AdvancedCallableResolverInterface.php", "PHP", 8, 0, 0, 0, 0, 0, 0, 0, 15, 6, 29
"/home/whuang/wpfgp.org/public_html/playoffs/vendor/slim/slim/Slim/Interfaces/CallableResolverInterface.php", "PHP", 7, 0, 0, 0, 0, 0, 0, 0, 10, 5, 22
"/home/whuang/wpfgp.org/public_html/playoffs/vendor/slim/slim/Slim/Interfaces/DispatcherInterface.php", "PHP", 9, 0, 0, 0, 0, 0, 0, 0, 13, 7, 29
"/home/whuang/wpfgp.org/public_html/playoffs/vendor/slim/slim/Slim/Interfaces/ErrorHandlerInterface.php", "PHP", 16, 0, 0, 0, 0, 0, 0, 0, 5, 6, 27
"/home/whuang/wpfgp.org/public_html/playoffs/vendor/slim/slim/Slim/Interfaces/ErrorRendererInterface.php", "PHP", 8, 0, 0, 0, 0, 0, 0, 0, 5, 6, 19
"/home/whuang/wpfgp.org/public_html/playoffs/vendor/slim/slim/Slim/Interfaces/InvocationStrategyInterface.php", "PHP", 14, 0, 0, 0, 0, 0, 0, 0, 18, 6, 38
"/home/whuang/wpfgp.org/public_html/playoffs/vendor/slim/slim/Slim/Interfaces/MiddlewareDispatcherInterface.php", "PHP", 11, 0, 0, 0, 0, 0, 0, 0, 25, 8, 44
"/home/whuang/wpfgp.org/public_html/playoffs/vendor/slim/slim/Slim/Interfaces/Psr17FactoryInterface.php", "PHP", 15, 0, 0, 0, 0, 0, 0, 0, 23, 11, 49
"/home/whuang/wpfgp.org/public_html/playoffs/vendor/slim/slim/Slim/Interfaces/Psr17FactoryProviderInterface.php", "PHP", 9, 0, 0, 0, 0, 0, 0, 0, 12, 7, 28
"/home/whuang/wpfgp.org/public_html/playoffs/vendor/slim/slim/Slim/Interfaces/RequestHandlerInvocationStrategyInterface.php", "PHP", 6, 0, 0, 0, 0, 0, 0, 0, 5, 5, 16
"/home/whuang/wpfgp.org/public_html/playoffs/vendor/slim/slim/Slim/Interfaces/RouteCollectorInterface.php", "PHP", 21, 0, 0, 0, 0, 0, 0, 0, 65, 18, 104
"/home/whuang/wpfgp.org/public_html/playoffs/vendor/slim/slim/Slim/Interfaces/RouteCollectorProxyInterface.php", "PHP", 25, 0, 0, 0, 0, 0, 0, 0, 81, 21, 127
"/home/whuang/wpfgp.org/public_html/playoffs/vendor/slim/slim/Slim/Interfaces/RouteGroupInterface.php", "PHP", 13, 0, 0, 0, 0, 0, 0, 0, 21, 10, 44
"/home/whuang/wpfgp.org/public_html/playoffs/vendor/slim/slim/Slim/Interfaces/RouteInterface.php", "PHP", 27, 0, 0, 0, 0, 0, 0, 0, 79, 23, 129
"/home/whuang/wpfgp.org/public_html/playoffs/vendor/slim/slim/Slim/Interfaces/RouteParserInterface.php", "PHP", 12, 0, 0, 0, 0, 0, 0, 0, 34, 8, 54
"/home/whuang/wpfgp.org/public_html/playoffs/vendor/slim/slim/Slim/Interfaces/RouteResolverInterface.php", "PHP", 9, 0, 0, 0, 0, 0, 0, 0, 3, 6, 18
"/home/whuang/wpfgp.org/public_html/playoffs/vendor/slim/slim/Slim/Interfaces/ServerRequestCreatorInterface.php", "PHP", 8, 0, 0, 0, 0, 0, 0, 0, 5, 6, 19
"/home/whuang/wpfgp.org/public_html/playoffs/vendor/slim/slim/Slim/Logger.php", "PHP", 14, 0, 0, 0, 0, 0, 0, 0, 12, 7, 33
"/home/whuang/wpfgp.org/public_html/playoffs/vendor/slim/slim/Slim/Middleware/BodyParsingMiddleware.php", "PHP", 126, 0, 0, 0, 0, 0, 0, 0, 38, 38, 202
"/home/whuang/wpfgp.org/public_html/playoffs/vendor/slim/slim/Slim/Middleware/ContentLengthMiddleware.php", "PHP", 19, 0, 0, 0, 0, 0, 0, 0, 7, 8, 34
"/home/whuang/wpfgp.org/public_html/playoffs/vendor/slim/slim/Slim/Middleware/ErrorMiddleware.php", "PHP", 110, 0, 0, 0, 0, 0, 0, 0, 76, 30, 216
"/home/whuang/wpfgp.org/public_html/playoffs/vendor/slim/slim/Slim/Middleware/MethodOverrideMiddleware.php", "PHP", 28, 0, 0, 0, 0, 0, 0, 0, 6, 11, 45
"/home/whuang/wpfgp.org/public_html/playoffs/vendor/slim/slim/Slim/Middleware/OutputBufferingMiddleware.php", "PHP", 50, 0, 0, 0, 0, 0, 0, 0, 12, 14, 76
"/home/whuang/wpfgp.org/public_html/playoffs/vendor/slim/slim/Slim/Middleware/RoutingMiddleware.php", "PHP", 60, 0, 0, 0, 0, 0, 0, 0, 22, 17, 99
"/home/whuang/wpfgp.org/public_html/playoffs/vendor/slim/slim/Slim/MiddlewareDispatcher.php", "PHP", 177, 0, 0, 0, 0, 0, 0, 0, 68, 45, 290
"/home/whuang/wpfgp.org/public_html/playoffs/vendor/slim/slim/Slim/ResponseEmitter.php", "PHP", 94, 0, 0, 0, 0, 0, 0, 0, 22, 21, 137
"/home/whuang/wpfgp.org/public_html/playoffs/vendor/slim/slim/Slim/Routing/Dispatcher.php", "PHP", 57, 0, 0, 0, 0, 0, 0, 0, 8, 14, 79
"/home/whuang/wpfgp.org/public_html/playoffs/vendor/slim/slim/Slim/Routing/FastRouteDispatcher.php", "PHP", 62, 0, 0, 0, 0, 0, 0, 0, 30, 18, 110
"/home/whuang/wpfgp.org/public_html/playoffs/vendor/slim/slim/Slim/Routing/Route.php", "PHP", 192, 0, 0, 0, 0, 0, 0, 0, 122, 51, 365
"/home/whuang/wpfgp.org/public_html/playoffs/vendor/slim/slim/Slim/Routing/RouteCollector.php", "PHP", 174, 0, 0, 0, 0, 0, 0, 0, 82, 47, 303
"/home/whuang/wpfgp.org/public_html/playoffs/vendor/slim/slim/Slim/Routing/RouteCollectorProxy.php", "PHP", 103, 0, 0, 0, 0, 0, 0, 0, 62, 32, 197
"/home/whuang/wpfgp.org/public_html/playoffs/vendor/slim/slim/Slim/Routing/RouteContext.php", "PHP", 59, 0, 0, 0, 0, 0, 0, 0, 10, 21, 90
"/home/whuang/wpfgp.org/public_html/playoffs/vendor/slim/slim/Slim/Routing/RouteGroup.php", "PHP", 59, 0, 0, 0, 0, 0, 0, 0, 34, 17, 110
"/home/whuang/wpfgp.org/public_html/playoffs/vendor/slim/slim/Slim/Routing/RouteParser.php", "PHP", 73, 0, 0, 0, 0, 0, 0, 0, 33, 22, 128
"/home/whuang/wpfgp.org/public_html/playoffs/vendor/slim/slim/Slim/Routing/RouteResolver.php", "PHP", 31, 0, 0, 0, 0, 0, 0, 0, 15, 11, 57
"/home/whuang/wpfgp.org/public_html/playoffs/vendor/slim/slim/Slim/Routing/RouteRunner.php", "PHP", 42, 0, 0, 0, 0, 0, 0, 0, 23, 12, 77
"/home/whuang/wpfgp.org/public_html/playoffs/vendor/slim/slim/Slim/Routing/RoutingResults.php", "PHP", 67, 0, 0, 0, 0, 0, 0, 0, 24, 23, 114
"/home/whuang/wpfgp.org/public_html/playoffs/vendor/slim/slim/composer.json", "JSON", 0, 105, 0, 0, 0, 0, 0, 0, 0, 1, 106
"/home/whuang/wpfgp.org/public_html/playoffs/vendor/slim/slim/psalm.xml", "XML", 0, 0, 0, 17, 0, 0, 0, 0, 0, 1, 18
"/home/whuang/wpfgp.org/public_html/playoffs/vendor/symfony/polyfill-php80/Php80.php", "PHP", 82, 0, 0, 0, 0, 0, 0, 0, 15, 19, 116
"/home/whuang/wpfgp.org/public_html/playoffs/vendor/symfony/polyfill-php80/PhpToken.php", "PHP", 57, 0, 0, 0, 0, 0, 0, 0, 34, 16, 107
"/home/whuang/wpfgp.org/public_html/playoffs/vendor/symfony/polyfill-php80/README.md", "Markdown", 0, 0, 0, 0, 20, 0, 0, 0, 0, 6, 26
"/home/whuang/wpfgp.org/public_html/playoffs/vendor/symfony/polyfill-php80/Resources/stubs/Attribute.php", "PHP", 18, 0, 0, 0, 0, 0, 0, 0, 9, 5, 32
"/home/whuang/wpfgp.org/public_html/playoffs/vendor/symfony/polyfill-php80/Resources/stubs/PhpToken.php", "PHP", 6, 0, 0, 0, 0, 0, 0, 0, 8, 3, 17
"/home/whuang/wpfgp.org/public_html/playoffs/vendor/symfony/polyfill-php80/Resources/stubs/Stringable.php", "PHP", 7, 0, 0, 0, 0, 0, 0, 0, 11, 3, 21
"/home/whuang/wpfgp.org/public_html/playoffs/vendor/symfony/polyfill-php80/Resources/stubs/UnhandledMatchError.php", "PHP", 6, 0, 0, 0, 0, 0, 0, 0, 8, 3, 17
"/home/whuang/wpfgp.org/public_html/playoffs/vendor/symfony/polyfill-php80/Resources/stubs/ValueError.php", "PHP", 6, 0, 0, 0, 0, 0, 0, 0, 8, 3, 17
"/home/whuang/wpfgp.org/public_html/playoffs/vendor/symfony/polyfill-php80/bootstrap.php", "PHP", 29, 0, 0, 0, 0, 0, 0, 0, 8, 6, 43
"/home/whuang/wpfgp.org/public_html/playoffs/vendor/symfony/polyfill-php80/composer.json", "JSON", 0, 37, 0, 0, 0, 0, 0, 0, 0, 1, 38
"Total", "-", 12412, 2228, 54, 86, 1145, 71, 339, 1140, 5611, 4241, 27327